{"commit":"5b9531439a15a8e8d2e29be292655447768783db","pagesAndArtboards":{"97593226-E7C2-490F-973F-99BCB065E61E":{"name":"Page 1","artboards":{"E3B94ACF-84D9-414E-A974-58C954B60FFE":{"name":"comic test"}}}},"version":97,"fonts":["Korolev-Medium"],"compatibilityVersion":93,"app":"com.bohemiancoding.sketch3","autosaved":1,"variant":"NONAPPSTORE","created":{"commit":"5b9531439a15a8e8d2e29be292655447768783db","appVersion":"48.1","build":47250,"app":"com.bohemiancoding.sketch3","compatibilityVersion":93,"version":97,"variant":"NONAPPSTORE"},"saveHistory":["NONAPPSTORE.47250"],"appVersion":"48.1","build":47250}