{"_class":"page","do_objectID":"8EB1833C-C7A0-428D-9025-9C2570CC7545","exportOptions":{"_class":"exportOptions","exportFormats":[],"includedLayerIds":[],"layerOptions":0,"shouldTrim":false},"frame":{"_class":"rect","constrainProportions":false,"height":300,"width":300,"x":0,"y":0},"isFlippedHorizontal":false,"isFlippedVertical":false,"isLocked":false,"isVisible":true,"layerListExpandedType":0,"name":"Page 1","nameIsFixed":false,"resizingConstraint":63,"resizingType":0,"rotation":0,"shouldBreakMaskChain":false,"style":{"_class":"style","endDecorationType":0,"miterLimit":10,"startDecorationType":0},"hasClickThrough":true,"layers":[{"_class":"artboard","do_objectID":"099257F4-632A-4ADD-998E-5967D678FD95","exportOptions":{"_class":"exportOptions","exportFormats":[],"includedLayerIds":[],"layerOptions":0,"shouldTrim":false},"frame":{"_class":"rect","constrainProportions":false,"height":295,"width":517,"x":122,"y":73},"isFlippedHorizontal":false,"isFlippedVertical":false,"isLocked":false,"isVisible":true,"layerListExpandedType":2,"name":"comic-png","nameIsFixed":true,"resizingConstraint":63,"resizingType":0,"rotation":0,"shouldBreakMaskChain":true,"style":{"_class":"style","endDecorationType":0,"miterLimit":10,"startDecorationType":0},"hasClickThrough":true,"layers":[{"_class":"bitmap","do_objectID":"80911408-0B19-412D-9295-61FD5AF68ACC","exportOptions":{"_class":"exportOptions","exportFormats":[],"includedLayerIds":[],"layerOptions":0,"shouldTrim":false},"frame":{"_class":"rect","constrainProportions":true,"height":160,"width":274,"x":243,"y":135},"isFlippedHorizontal":false,"isFlippedVertical":false,"isLocked":false,"isVisible":true,"layerListExpandedType":0,"name":"layer 4","nameIsFixed":false,"resizingConstraint":63,"resizingType":0,"rotation":0,"shouldBreakMaskChain":false,"style":{"_class":"style","endDecorationType":0,"miterLimit":10,"startDecorationType":0},"clippingMask":"{{0, 0}, {1, 1}}","fillReplacesImage":false,"image":{"_class":"MSJSONFileReference","_ref_class":"MSImageData","_ref":"images\/3939b252afc907dfceb98e0c3e05cb1309d0643c"}},{"_class":"bitmap","do_objectID":"58752A78-F0E2-4111-A941-392C6001B63D","exportOptions":{"_class":"exportOptions","exportFormats":[],"includedLayerIds":[],"layerOptions":0,"shouldTrim":false},"frame":{"_class":"rect","constrainProportions":true,"height":160,"width":244,"x":-1,"y":135},"isFlippedHorizontal":false,"isFlippedVertical":false,"isLocked":false,"isVisible":true,"layerListExpandedType":0,"name":"layer 3","nameIsFixed":false,"resizingConstraint":63,"resizingType":0,"rotation":0,"shouldBreakMaskChain":false,"style":{"_class":"style","endDecorationType":0,"miterLimit":10,"startDecorationType":0},"clippingMask":"{{0, 0}, {1, 1}}","fillReplacesImage":false,"image":{"_class":"MSJSONFileReference","_ref_class":"MSImageData","_ref":"images\/373dddab8c455e23d0b3ae26c47c00848bea436f"}},{"_class":"bitmap","do_objectID":"93D8BBC2-04EC-460D-BB69-0306D22E6C08","exportOptions":{"_class":"exportOptions","exportFormats":[],"includedLayerIds":[],"layerOptions":0,"shouldTrim":false},"frame":{"_class":"rect","constrainProportions":true,"height":135,"width":273,"x":243,"y":0},"isFlippedHorizontal":false,"isFlippedVertical":false,"isLocked":false,"isVisible":true,"layerListExpandedType":0,"name":"layer 2","nameIsFixed":false,"resizingConstraint":63,"resizingType":0,"rotation":0,"shouldBreakMaskChain":false,"style":{"_class":"style","endDecorationType":0,"miterLimit":10,"startDecorationType":0},"clippingMask":"{{0, 0}, {1, 1}}","fillReplacesImage":false,"image":{"_class":"MSJSONFileReference","_ref_class":"MSImageData","_ref":"images\/b086d13d082654e4c0cc48322aa123dbc6e09af6"}},{"_class":"bitmap","do_objectID":"D7AD08BF-2CD6-45EC-9C4B-1D7FF8007277","exportOptions":{"_class":"exportOptions","exportFormats":[],"includedLayerIds":[],"layerOptions":0,"shouldTrim":false},"frame":{"_class":"rect","constrainProportions":true,"height":135,"width":244,"x":-1,"y":0},"isFlippedHorizontal":false,"isFlippedVertical":false,"isLocked":false,"isVisible":true,"layerListExpandedType":0,"name":"layer 1","nameIsFixed":false,"resizingConstraint":63,"resizingType":0,"rotation":0,"shouldBreakMaskChain":false,"style":{"_class":"style","endDecorationType":0,"miterLimit":10,"startDecorationType":0},"clippingMask":"{{0, 0}, {1, 1}}","fillReplacesImage":false,"image":{"_class":"MSJSONFileReference","_ref_class":"MSImageData","_ref":"images\/72f2c48ff1b75f59dd19dda17b082b16595dfc86"}}],"backgroundColor":{"_class":"color","alpha":1,"blue":1,"green":1,"red":1},"hasBackgroundColor":false,"horizontalRulerData":{"_class":"rulerData","base":0,"guides":[]},"includeBackgroundColorInExport":true,"includeInCloudUpload":true,"resizesContent":false,"verticalRulerData":{"_class":"rulerData","base":0,"guides":[]}}],"horizontalRulerData":{"_class":"rulerData","base":0,"guides":[]},"includeInCloudUpload":true,"verticalRulerData":{"_class":"rulerData","base":0,"guides":[]}}